TITLE,PRICE,STOCK AVAILABILTY
A Light in the ...,£51.77,In stock
Tipping the Velvet,£53.74,In stock
Soumission,£50.10,In stock
Sharp Objects,£47.82,In stock
Sapiens: A Brief History ...,£54.23,In stock
The Requiem Red,£22.65,In stock
The Dirty Little Secrets ...,£33.34,In stock
The Coming Woman: A ...,£17.93,In stock
The Boys in the ...,£22.60,In stock
The Black Maria,£52.15,In stock
Starving Hearts (Triangular Trade ...,£13.99,In stock
Shakespeare's Sonnets,£20.66,In stock
Set Me Free,£17.46,In stock
Scott Pilgrim's Precious Little ...,£52.29,In stock
Rip it Up and ...,£35.02,In stock
Our Band Could Be ...,£57.25,In stock
Olio,£23.88,In stock
Mesaerion: The Best Science ...,£37.59,In stock
Libertarianism for Beginners,£51.33,In stock
It's Only the Himalayas,£45.17,In stock
In Her Wake,£12.84,In stock
How Music Works,£37.32,In stock
Foolproof Preserving: A Guide ...,£30.52,In stock
Chase Me (Paris Nights ...,£25.27,In stock
Black Dust,£34.53,In stock
Birdsong: A Story in ...,£54.64,In stock
America's Cradle of Quarterbacks: ...,£22.50,In stock
Aladdin and His Wonderful ...,£53.13,In stock
Worlds Elsewhere: Journeys Around ...,£40.30,In stock
Wall and Piece,£44.18,In stock
The Four Agreements: A ...,£17.66,In stock
The Five Love Languages: ...,£31.05,In stock
The Elephant Tree,£23.82,In stock
The Bear and the ...,£36.89,In stock
Sophie's World,£15.94,In stock
Penny Maybe,£33.29,In stock
Maude (1883-1993):She Grew Up ...,£18.02,In stock
"In a Dark, Dark ...",£19.63,In stock
Behind Closed Doors,£52.22,In stock
You can't bury them ...,£33.63,In stock
Slow States of Collapse: ...,£57.31,In stock
Reasons to Stay Alive,£26.41,In stock
Private Paris (Private #10),£47.61,In stock
#HigherSelfie: Wake Up Your ...,£23.11,In stock
Without Borders (Wanderlove #1),£45.07,In stock
When We Collided,£31.77,In stock
"We Love You, Charlie ...",£50.27,In stock
Untitled Collection: Sabbath Poems ...,£14.27,In stock
Unseen City: The Majesty ...,£44.18,In stock
Unicorn Tracks,£18.78,In stock
Unbound: How Eight Technologies ...,£25.52,In stock
Tsubasa: WoRLD CHRoNiCLE 2 ...,£16.28,In stock
Throwing Rocks at the ...,£31.12,In stock
This One Summer,£19.49,In stock
Thirst,£17.27,In stock
The Torch Is Passed: ...,£19.09,In stock
The Secret of Dreadwillow ...,£56.13,In stock
The Pioneer Woman Cooks: ...,£56.41,In stock
The Past Never Ends,£56.50,In stock
The Natural History of ...,£45.22,In stock
The Nameless City (The ...,£38.16,In stock
The Murder That Never ...,£54.11,In stock
The Most Perfect Thing: ...,£42.96,In stock
The Mindfulness and Acceptance ...,£23.89,In stock
The Life-Changing Magic of ...,£16.77,In stock
The Inefficiency Assassin: Time ...,£20.59,In stock
The Gutsy Girl: Escapades ...,£37.13,In stock
The Electric Pencil: Drawings ...,£56.06,In stock
The Death of Humanity: ...,£58.11,In stock
The Bulletproof Diet: Lose ...,£49.05,In stock
The Art Forger,£40.76,In stock
The Age of Genius: ...,£19.73,In stock
The Activist's Tao Te ...,£32.24,In stock
Spark Joy: An Illustrated ...,£41.83,In stock
Soul Reader,£39.58,In stock
Security,£39.25,In stock
"Saga, Volume 6 (Saga ...",£25.02,In stock
"Saga, Volume 5 (Saga ...",£51.04,In stock
Reskilling America: Learning to ...,£19.83,In stock
"Rat Queens, Vol. 3: ...",£50.40,In stock
"Princess Jellyfish 2-in-1 Omnibus, ...",£13.61,In stock
Princess Between Worlds (Wide-Awake ...,£13.34,In stock
"Pop Gun War, Volume ...",£18.97,In stock
"Political Suicide: Missteps, Peccadilloes, ...",£36.28,In stock
Patience,£10.16,In stock
"Outcast, Vol. 1: A ...",£15.44,In stock
orange: The Complete Collection ...,£48.41,In stock
Online Marketing for Busy ...,£46.35,In stock
On a Midnight Clear,£14.07,In stock
Obsidian (Lux #1),£14.86,In stock
My Paris Kitchen: Recipes ...,£33.37,In stock
Masks and Shadows,£56.40,In stock
Mama Tried: Traditional Italian ...,£14.02,In stock
"Lumberjanes, Vol. 2: Friendship ...",£46.91,In stock
"Lumberjanes, Vol. 1: Beware ...",£45.61,In stock
Lumberjanes Vol. 3: A ...,£19.92,In stock
"Layered: Baking, Building, and ...",£40.11,In stock
Judo: Seven Steps to ...,£53.90,In stock
Join,£35.67,In stock
In the Country We ...,£22.00,In stock
